{"accuracy": 0.8605003790750568, "verdict_parse_fail_rate": 0.0, "final_answer_parse_fail_rate": 0.0, "precision": 1.0, "recall": 0.8605003790750568, "% correct verdict": 0.8605003790750568, "f1": 0.46251018744906275}