{
  "verdict_parse_errors_1": 0.12026726057906459,
  "final_answer_parse_error_1": 0.0,
  "first_error_offset_1": 0.5723830734966593,
  "first_error_early_1": 0.31625835189309576,
  "first_error_late_1": 0.5300668151447662,
  "first_error_accuracy_1": 0.15367483296213807,
  "incorrect_solution_first_error_offset_1": 1.575,
  "incorrect_solution_first_error_early_1": 0.23333333333333334,
  "incorrect_solution_first_error_late_1": 0.6611111111111111,
  "incorrect_solution_first_error_accuracy_1": 0.10555555555555556,
  "accuracy_1": 0.6723823422108719,
  "precision_1": 0.8685491723466408,
  "recall_1": 0.7396351575456053,
  "f1_1": 0.7989252127183162,
  "verifier_score_1": 0.7493615468807004,
  "class_balance_1": 0.8799708135716892,
  "verdict_parse_errors_2": 0.12026726057906459,
  "final_answer_parse_error_2": 0.0,
  "first_error_offset_2": -0.16258351893095768,
  "first_error_early_2": 0.40311804008908686,
  "first_error_late_2": 0.4298440979955457,
  "first_error_accuracy_2": 0.16703786191536749,
  "incorrect_solution_first_error_offset_2": 0.7318435754189944,
  "incorrect_solution_first_error_early_2": 0.3435754189944134,
  "incorrect_solution_first_error_late_2": 0.5391061452513967,
  "incorrect_solution_first_error_accuracy_2": 0.11731843575418995,
  "accuracy_2": 0.6553206735936941,
  "precision_2": 0.8918503331624807,
  "recall_2": 0.6985146527498997,
  "f1_2": 0.7834308869878434,
  "verifier_score_2": 0.6990326048011466,
  "class_balance_2": 0.8925116445718381
}