{"accuracy_A1": 0.56, "precision_A1": 0.4259776536312849, "recall_A1": 0.9131736526946108, "f1_A1": 0.29047619047619044, "maj@1_A1": 0.334, "verifier_score_A1": 0.716, "final_answer_parse_error_A1": 0.0, "verdict_parse_error_A1": 0.006, "accuracy_A2": 0.628, "precision_A2": 0.4669811320754717, "recall_A2": 0.9, "f1_A2": 0.30745341614906835, "maj@1_A2": 0.33, "verifier_score_A2": 0.636, "final_answer_parse_error_A2": 0.0, "verdict_parse_error_A2": 0.014, "accuracy_A3": 0.626, "precision_A3": 0.46823956442831216, "recall_A3": 0.7610619469026548, "f1_A3": 0.2898876404494382, "maj@1_A3": 0.339, "verifier_score_A3": 0.551, "final_answer_parse_error_A3": 0.0, "verdict_parse_error_A3": 0.051}