{"accuracy": 0.9696739954510993, "verdict_parse_fail_rate": 0.0037907505686125853, "final_answer_parse_fail_rate": 0.026535253980288095, "precision": 0.9733096085409253, "recall": 0.9954504094631483, "% correct verdict": 0.8521607278241091, "f1": 0.49212775528565006}