{"accuracy": 0.5686125852918877, "verdict_parse_fail_rate": 0.0, "final_answer_parse_fail_rate": 0.026535253980288095, "precision": 0.9016641452344932, "recall": 0.5418181818181819, "% correct verdict": 0.5011372251705838, "f1": 0.33844406587166387}