{"maj@1": 0.8339651250947687, "parse_fail_rate": 0.026535253980288095}