{"accuracy_A1": 0.8134715025906736, "precision_A1": 0.7101449275362319, "recall_A1": 0.7538461538461538, "f1_A1": 0.36567164179104483, "maj@1_A1": 0.33678756476683935, "verifier_score_A1": 0.35751295336787564, "final_answer_parse_error_A1": 0.0, "verdict_parse_error_A1": 0.0, "accuracy_A2": 0.7512953367875648, "precision_A2": 0.5576923076923077, "recall_A2": 0.9666666666666667, "f1_A2": 0.35365853658536583, "maj@1_A2": 0.31088082901554404, "verifier_score_A2": 0.538860103626943, "final_answer_parse_error_A2": 0.0, "verdict_parse_error_A2": 0.0051813471502590676}