{"accuracy_A1": 0.8225928733889311, "verdict_parse_fail_rate_A1": 0.000758150113722517, "final_answer_parse_fail_rate_A1": 0.02577710386656558, "precision_A1": 0.8723021582733813, "recall_A1": 0.9142318567389256, "%_correct_verdict_A1": 0.8430629264594389, "f1_A1": 0.446387482742752, "accuracy_A2": 0.8498862774829417, "verdict_parse_fail_rate_A2": 0.002274450341167551, "final_answer_parse_fail_rate_A2": 0.026535253980288095, "precision_A2": 0.8809121621621622, "recall_A2": 0.95077484047402, "%_correct_verdict_A2": 0.8976497346474602, "f1_A2": 0.4572555896536607}