{"maj@1": 0.8250950570342205, "parse_fail_rate": 0.01596958174904943}