{
  "accuracy_A1": 0.7315436241610739,
  "precision_A1": 0.630901287553648,
  "recall_A1": 0.8121546961325967,
  "f1_A1": 0.7101449275362319,
  "maj@1_A1": 0.40492170022371365,
  "verifier_score_A1": 0.5212527964205816,
  "final_answer_parse_error_A1": 0.0,
  "verdict_parse_error_A1": 0.017897091722595078
}