{"maj@1": 0.8256254738438211, "parse_fail_rate": 0.04852160727824109}