{"accuracy_A1": 0.7941834451901566, "precision_A1": 0.6666666666666666, "recall_A1": 0.8051948051948052, "f1_A1": 0.3647058823529412, "maj@1_A1": 0.34451901565995524, "verifier_score_A1": 0.4161073825503356, "final_answer_parse_error_A1": 0.0, "verdict_parse_error_A1": 0.011185682326621925, "accuracy_A2": 0.7695749440715883, "precision_A2": 0.6008583690987125, "recall_A2": 0.9333333333333333, "f1_A2": 0.3655352480417755, "maj@1_A2": 0.33557046979865773, "verifier_score_A2": 0.5212527964205816, "final_answer_parse_error_A2": 0.0, "verdict_parse_error_A2": 0.017897091722595078}