{"accuracy_A1": 0.573, "precision_A1": 0.43131462333825704, "recall_A1": 0.874251497005988, "f1_A1": 0.2888229475766568, "maj@1_A1": 0.334, "verifier_score_A1": 0.677, "final_answer_parse_error_A1": 0.0, "verdict_parse_error_A1": 0.002, "accuracy_A2": 0.578, "precision_A2": 0.43255131964809385, "recall_A2": 0.8939393939393939, "f1_A2": 0.291501976284585, "maj@1_A2": 0.33, "verifier_score_A2": 0.682, "final_answer_parse_error_A2": 0.0, "verdict_parse_error_A2": 0.007}