{"maj@1": 0.8484848484848485, "parse_fail_rate": 0.020202020202020204, "pass@n": 0.9090909090909091, "maj@n": 0.030303030303030304}