{
  "accuracy_A1": 0.884318766066838,
  "precision_A1": 0.8418079096045198,
  "recall_A1": 0.8975903614457831,
  "f1_A1": 0.8688046647230321,
  "maj@1_A1": 0.4267352185089974,
  "verifier_score_A1": 0.455012853470437,
  "final_answer_parse_error_A1": 0.0,
  "verdict_parse_error_A1": 0.005141388174807198
}