{"maj@1": 0.8207332490518331, "parse_fail_rate": 0.019974715549936788, "pass@n": 0.8490518331226296, "maj@n": 0.8209860935524652}