{"accuracy_A1": 0.8893100833965125, "verdict_parse_fail_rate_A1": 0.0, "final_answer_parse_fail_rate_A1": 0.02577710386656558, "precision_A1": 0.9264432029795159, "recall_A1": 0.9369114877589454, "%_correct_verdict_A1": 0.8142532221379833, "f1_A1": 0.4658239700374532, "accuracy_A2": 0.8726307808946171, "verdict_parse_fail_rate_A2": 0.0, "final_answer_parse_fail_rate_A2": 0.026535253980288095, "precision_A2": 0.9338919925512105, "recall_A2": 0.9118181818181819, "%_correct_verdict_A2": 0.8142532221379833, "f1_A2": 0.46136154553817854}