{
  "gt_parse_error": 0.0,
  "final_answer_parse_error": 0.0,
  "verdict_parse_error": 0.25205479452054796,
  "rerank@n": 0.673972602739726,
  "maj@n": 0.6712328767123288,
  "rerank_maj_agreement": 0.6410958904109589
}