{"gt_parse_error": 0.0, "final_answer_parse_error": 0.0, "verdict_parse_error": 0.06301369863013699, "rerank@n": 0.7643835616438356, "maj@n": 0.7616438356164383, "rerank_maj_agreement": 0.726027397260274}