{"accuracy": 0.9317664897649734, "verdict_parse_fail_rate": 0.0037907505686125853, "final_answer_parse_fail_rate": 0.026535253980288095, "precision": 0.9608021877848678, "recall": 0.9616788321167883, "f1": 0.48062015503875966}