{"accuracy": 0.9337748344370861, "verdict_parse_fail_rate": 0.0041390728476821195, "final_answer_parse_fail_rate": 0.026490066225165563, "precision": 0.9639278557114228, "recall": 0.961038961038961, "f1": 0.4812406203101551}