{"accuracy_A1": 0.8123393316195373, "precision_A1": 0.6892655367231638, "recall_A1": 0.8714285714285714, "f1_A1": 0.3848580441640378, "maj@1_A1": 0.35989717223650386, "verifier_score_A1": 0.455012853470437, "final_answer_parse_error_A1": 0.0, "verdict_parse_error_A1": 0.005141388174807198}