{"accuracy_A1": 0.9571428571428572, "verdict_parse_fail_rate_A1": 0.0035714285714285713, "final_answer_parse_fail_rate_A1": 0.017857142857142856, "precision_A1": 0.9742489270386266, "recall_A1": 0.978448275862069, "%_correct_verdict_A1": 0.8321428571428572, "f1_A1": 0.48817204301075273, "accuracy_A2": 0.9285714285714286, "verdict_parse_fail_rate_A2": 0.0, "final_answer_parse_fail_rate_A2": 0.025, "precision_A2": 0.9404761904761905, "recall_A2": 0.9793388429752066, "%_correct_verdict_A2": 0.9, "f1_A2": 0.47975708502024295}