{
  "accuracy_A1": 0.549,
  "precision_A1": 0.4722617354196302,
  "recall_A1": 0.8058252427184466,
  "f1_A1": 0.5955156950672645,
  "maj@1_A1": 0.412,
  "verifier_score_A1": 0.703,
  "final_answer_parse_error_A1": 0.0,
  "verdict_parse_error_A1": 0.148
}