{"accuracy": 0.7975739196360879, "verdict_parse_fail_rate": 0.021986353297952996, "final_answer_parse_fail_rate": 0.026535253980288095, "precision": 0.8600682593856656, "recall": 0.9316081330868762, "f1": 0.4472049689440994}