{
  "gt_parse_error": 0.0,
  "final_answer_parse_error": 0.0,
  "verdict_parse_error": 0.4,
  "rerank@n": 0.5671232876712329,
  "maj@n": 0.684931506849315,
  "rerank_maj_agreement": 0.6
}