{"accuracy": 0.8597422289613343, "verdict_parse_fail_rate": 0.0, "final_answer_parse_fail_rate": 0.026535253980288095, "precision": 0.9579579579579579, "recall": 0.87, "f1": 0.45593139590281084}