{
  "accuracy_A1": 0.6373056994818653,
  "precision_A1": 0.5384615384615384,
  "recall_A1": 0.717948717948718,
  "f1_A1": 0.6153846153846153,
  "maj@1_A1": 0.40414507772020725,
  "verifier_score_A1": 0.538860103626943,
  "final_answer_parse_error_A1": 0.0,
  "verdict_parse_error_A1": 0.0051813471502590676,
  "accuracy_A2": 0.8082901554404145,
  "precision_A2": 0.6730769230769231,
  "recall_A2": 0.958904109589041,
  "f1_A2": 0.7909604519774011,
  "maj@1_A2": 0.37823834196891193,
  "verifier_score_A2": 0.538860103626943,
  "final_answer_parse_error_A2": 0.0,
  "verdict_parse_error_A2": 0.0051813471502590676
}