{"accuracy_A1": 0.8040780141843972, "verdict_parse_fail_rate_A1": 0.028368794326241134, "final_answer_parse_fail_rate_A1": 0.02304964539007092, "precision_A1": 0.8504016064257028, "recall_A1": 0.9549041713641488, "%_correct_verdict_A1": 0.8829787234042553, "f1_A1": 0.449814126394052, "accuracy_A2": 0.8031914893617021, "verdict_parse_fail_rate_A2": 0.024822695035460994, "final_answer_parse_fail_rate_A2": 0.01950354609929078, "precision_A2": 0.8409756097560975, "recall_A2": 0.9652855543113102, "%_correct_verdict_A2": 0.9086879432624113, "f1_A2": 0.4494264859228363, "accuracy_A3": 0.7659574468085106, "verdict_parse_fail_rate_A3": 0.07358156028368794, "final_answer_parse_fail_rate_A3": 0.022163120567375887, "precision_A3": 0.850418410041841, "recall_A3": 0.9553466509988249, "%_correct_verdict_A3": 0.8475177304964538, "f1_A3": 0.44991698948533476}