{"accuracy": 0.8278999241849886, "verdict_parse_fail_rate": 0.0, "final_answer_parse_fail_rate": 0.026535253980288095, "precision": 0.8592592592592593, "recall": 0.9490909090909091, "% correct verdict": 0.9211523881728583, "f1": 0.4509719222462203}