{"accuracy": 0.8718726307808946, "verdict_parse_fail_rate": 0.001516300227445034, "final_answer_parse_fail_rate": 0.026535253980288095, "precision": 0.9338919925512105, "recall": 0.9126478616924477, "% correct verdict": 0.8142532221379833, "f1": 0.46157386102162906}