{"maj@1": 0.8233510235026535, "parse_fail_rate": 0.021986353297952996}