{"gt_parse_error": 0.0, "final_answer_parse_error": 0.026535253980288095, "maj@1": 0.8339651250947687}