{
  "accuracy_A1": 0.45864661654135336,
  "precision_A1": 0.4406779661016949,
  "recall_A1": 0.896551724137931,
  "f1_A1": 0.29545454545454547,
  "maj@1_A1": 0.43609022556390975,
  "verifier_score_A1": 0.8872180451127819,
  "final_answer_parse_error_A1": 0.0,
  "verdict_parse_error_A1": 0.007518796992481203
}